part_number,part_rotation,distance_traveled,time_ident_stop,time_speed_est_start,time_speed_est_stop,time_catch_start,time_catch_stop
0,19.71934000651042,0.73627,0.31238,0.31238,1.81252,1.81252,7.99688
1,-23.568545023600265,0.7356499999999999,0.30882,0.30882,2.10565,2.10565,8.17486
2,30.1068115234375,0.7746899999999999,0.28458,0.28458,1.60449,1.60449,8.53393
0,-0.8057861328125,0.81862,0.29582,0.29582,2.10272,2.10272,9.10041
