part_number,part_rotation,distance_traveled,time_ident_stop,time_speed_est_start,time_speed_est_stop,time_catch_start,time_catch_stop
1,1.7201918363571167,0.59393,0.30404,0.30404,3.40295,3.40295,11.33854
2,-36.88640594482422,0.45427999999999996,0.2989,0.2989,2.30667,2.30667,8.33212
0,23.426022211710617,0.47835,0.29844,0.29844,3.01523,3.01523,8.78541
