part_number,part_rotation,distance_traveled,time_ident_stop,time_speed_est_start,time_speed_est_stop,time_catch_start,time_catch_stop
1,1.7201918363571167,0.59393,0.30404,0.30404,3.40295,3.40295,11.33854
2,-36.88640594482422,0.45427999999999996,0.2989,0.2989,2.30667,2.30667,8.33212
0,23.426022211710617,0.47835,0.29844,0.29844,3.01523,3.01523,8.78541
0,-23.69570668538411,0.44717999999999997,0.30297,0.30297,2.72769,2.72769,8.68613
0,-24.93044535319011,0.55025,0.3043,0.3043,2.89616,2.89616,10.50831
1,3.0920239289601597,0.5737,0.30016,0.30016,3.40783,3.40783,11.02322
1,11.15493106842041,0.61259,0.29656,0.29656,3.22075,3.22075,11.61782
2,-4.439829508463546,0.54533,0.31826,0.31826,2.72722,2.72722,10.40005
